time;Popular Va-g;Popular Vc-g;Popular Vb-g;Popular Ia;Popular Ib;Popular Ic;Va over;Vb over;Vc over;Ia over;Ib over;Ic over;
0;0.000000;174.267100;14.462000;333.769843;0.000000;0.000000;0;0;0;0;0;0;
167;0.000000;178.027220;13.594280;425.844283;0.000000;0.000000;0;0;0;0;0;0;
333;0.000000;180.919620;12.581940;517.918722;0.000000;0.000000;0;0;0;0;0;1;
500;0.000000;182.944300;11.569600;598.483857;0.000000;0.000000;0;0;0;0;1;0;
667;0.000000;184.245880;10.412640;702.067601;0.000000;0.000000;0;0;0;0;1;1;
833;0.000000;184.968980;9.255680;782.632736;0.000000;0.000000;0;0;0;0;0;0;
1000;0.000000;184.968980;8.098720;874.707176;0.000000;0.000000;0;0;0;0;0;0;
1167;0.000000;184.390500;6.941760;955.272310;0.000000;0.000000;0;0;0;0;0;0;
