time;Popular Va-g;Popular Vc-g;Popular Vb-g;Popular Ia;Popular Ib;Popular Ic;Va over;Vb over;Vc over;Ia over;Ib over;Ic over;
0;8994303.935400;274871.135280;0.000000;1508547.617397;-67130368.974173;-711280201.602754;6161359;0;-531;3;334;65207178;
-39780491;37915.893120;2322064.998400;-10254997.258240;0.000000;-105597734.733943;12063477.975272;5;412;0;3997768;-32899212;393264;
0;606728.190740;-1326884.450640;-120.468460;80.565135;0.000000;771612104.712645;4980792;-42664075;524288;0;-51970048;3146747;
-723;-2435835.961580;-2435835.961580;-2435835.961580;-193851326.726903;-193851326.726903;-193851326.726903;-16843009;-16843009;-16843009;-16843009;-16843009;-16843009;
-16843009;-2435835.961580;-2435835.961580;-2435835.961580;-193851326.726903;-193851326.726903;-193851326.726903;-16843009;-16843009;-16843009;-16843009;-16843009;-16843009;
-16843009;-2435835.961580;-2435835.961580;-2435835.961580;-193851326.726903;-193851326.726903;-193851326.726903;-16843009;-16843009;-16843009;-16843009;-16843009;-16843009;
-16843009;-2435835.961580;-2435835.961580;-2435835.961580;-193851326.726903;-193851326.726903;-193851326.726903;-16843009;-16843009;-16843009;-16843009;-16843009;-16843009;
-16843009;-2435835.961580;-2435835.961580;-2435835.961580;-193851326.726903;-193851326.726903;-193851326.726903;-16843009;-16843009;-16843009;-16843009;-16843009;-16843009;
